<application>
  <component name="ProjectManager">
    <defaultProject>
      <component name="Encoding" addBOMForNewFiles="with NO BOM" />
      <component name="PropertiesComponent">
        <property name="nodejs_interpreter_path.stuck_in_default_project" value="undefined stuck path" />
        <property name="nodejs_npm_path_reset_for_default_project" value="true" />
        <property name="settings.editor.selected.configurable" value="sshConsole" />
      </component>
      <component name="SshConsoleOptionsProvider">
        <option name="myEncoding" value="UTF-8" />
        <option name="myConnectionType" value="NONE" />
      </component>
      <component name="SvnConfiguration">
        <configuration>C:\Users\CJ\AppData\Roaming\Subversion</configuration>
      </component>
    </defaultProject>
  </component>
</application>