<application>
  <component name="RemoteServers">
    <remote-server name="Docker" type="docker">
      <configuration>
        <option name="apiUrl" value="tcp://localhost:2375" />
        <option name="certificatesPath" value="C:\Users\Ray\.ssh" />
        <option name="pathMappings">
          <list>
            <DockerPathMappingImpl>
              <option name="localPath" value="host.docker.internal" />
              <option name="virtualMachinePath" value="/var/www" />
            </DockerPathMappingImpl>
          </list>
        </option>
      </configuration>
    </remote-server>
  </component>
</application>